"taxon","lfc_isolateAxilla","lfc_isolateScalp","lfc_isolateScalp_isolateAxilla","se_isolateAxilla","se_isolateScalp","se_isolateScalp_isolateAxilla","W_isolateAxilla","W_isolateScalp","W_isolateScalp_isolateAxilla","p_isolateAxilla","p_isolateScalp","p_isolateScalp_isolateAxilla","q_isolateAxilla","q_isolateScalp","q_isolateScalp_isolateAxilla","diff_isolateAxilla","diff_isolateScalp","diff_isolateScalp_isolateAxilla","passed_ss_isolateAxilla","passed_ss_isolateScalp","passed_ss_isolateScalp_isolateAxilla","diff_robust_isolateAxilla","diff_robust_isolateScalp","diff_robust_isolateScalp_isolateAxilla","Taxon","Rank1","Rank2","Rank3","Rank4","Rank5","Rank6","Rank7"
"d23fbef2f31d48eda40876cdbc49933a",1.09035067347563,1.70700683266544,0.616656159189807,0.192481339665049,0.154145032164865,0.224521810445372,5.66470846146972,11.0740307922459,2.74653120766566,2.22955242347293e-08,3.42679951547899e-26,0.00619283486663606,5.56586108593601e-08,1.19814716872143e-25,0.00926697591554173,TRUE,TRUE,TRUE,TRUE,TRUE,FALSE,TRUE,TRUE,FALSE,"Bacteria; p__Bacillota; c__Bacilli","Bacteria","p__Bacillota","c__Bacilli",NA,NA,NA,NA
"8253a32e37cc65a796a92ee67b50d870",-1.13553780175042,2.253035249206,3.38857305095642,0.176124582081883,0.221495991283095,0.237848200767547,-6.44735554984874,10.1719007922197,14.246788666138,2.66381826955435e-10,3.10335857748954e-22,5.90790442829366e-39,3.98614532422521e-10,7.74723328337316e-22,2.06564140442498e-38,TRUE,TRUE,TRUE,TRUE,TRUE,TRUE,TRUE,TRUE,TRUE,"Bacteria; p__Actinomycetota; c__Actinobacteria; o__Mycobacteriales; f__Corynebacteriaceae","Bacteria","p__Actinomycetota","c__Actinobacteria","o__Mycobacteriales","f__Corynebacteriaceae",NA,NA
"8c8598245ea67244fb156b6f31192a41",-1.2633948463624,-0.840000560907746,0.423394285454653,0.172973546620722,0.17679781782923,0.183651002377449,-7.30397723261485,-4.7511930363253,2.30542866618539,1.66193100592125e-12,2.8748017257825e-06,0.0216819644684535,5.81078035163834e-12,7.17666330105416e-06,0.0324449540247362,TRUE,TRUE,TRUE,TRUE,TRUE,TRUE,TRUE,TRUE,TRUE,"Bacteria; p__Pseudomonadota; c__Gammaproteobacteria","Bacteria","p__Pseudomonadota","c__Gammaproteobacteria",NA,NA,NA,NA
"6c891abaa8f2147383dd332e601800eb",-0.636142665061869,-0.238505794914709,0.397636870147161,0.16654981843062,0.165474757597146,0.183529180835374,-3.81953382511112,-1.44134246442203,2.16661387762549,0.000154287574799309,0.150247562160463,0.0308369115395499,0.000539451520521325,0.224830884384002,0.0769813547066461,TRUE,FALSE,FALSE,TRUE,FALSE,TRUE,TRUE,FALSE,FALSE,"Bacteria; p__Actinomycetota; c__Actinobacteria; o__Micrococcales; f__Micrococcaceae","Bacteria","p__Actinomycetota","c__Actinobacteria","o__Micrococcales","f__Micrococcaceae",NA,NA
"a5189f77a2cfeab3bc1602ff5c8ac3e9",-1.49824252569517,-0.89227025511739,0.605972270577785,0.147340881293215,0.149622675015119,0.170220631396291,-10.1685459768196,-5.96346947431081,3.55992258756824,6.20635663337634e-22,5.11566170183379e-09,0.000411852850677471,2.16999231929561e-21,1.27707525937865e-08,0.000616297790941827,TRUE,TRUE,TRUE,TRUE,TRUE,TRUE,TRUE,TRUE,TRUE,"Bacteria; p__Bacillota; c__Bacilli; o__Lactobacillales; f__Streptococcaceae; g__Streptococcus","Bacteria","p__Bacillota","c__Bacilli","o__Lactobacillales","f__Streptococcaceae","g__Streptococcus",NA
"001553172d2deecaeee2c8fc47926bc6",1.99362083139363,-0.937702904477973,-2.93132373587161,0.14742870347763,0.126606321905782,0.16125008122147,13.5226098064149,-7.40644614236402,-18.1787426937513,5.13543216702461e-28,7.79498672611151e-12,2.89502387890185e-40,1.28201076399823e-27,1.16644405685697e-11,1.01221698211964e-39,TRUE,TRUE,TRUE,TRUE,FALSE,TRUE,TRUE,FALSE,TRUE,"Bacteria; p__Actinomycetota; c__Actinobacteria; o__Mycobacteriales; f__Corynebacteriaceae; g__Corynebacterium","Bacteria","p__Actinomycetota","c__Actinobacteria","o__Mycobacteriales","f__Corynebacteriaceae","g__Corynebacterium",NA
"bb03e6ea99adcfcf8083ec2c9af114fb",0.799420825510543,2.83207252599472,2.03265170048418,0.151376907295787,0.15931604526208,0.186363179860925,5.28099589158929,17.7764425506286,10.9069382804106,2.05091862380765e-07,2.57493242181789e-53,1.33685043094601e-24,3.06900053058986e-07,9.00300112952154e-53,3.33731726286521e-24,TRUE,TRUE,TRUE,TRUE,TRUE,TRUE,TRUE,TRUE,TRUE,"Bacteria; p__Actinomycetota; c__Actinobacteria; o__Propionibacteriales; f__Propionibacteriaceae; g__Cutibacterium","Bacteria","p__Actinomycetota","c__Actinobacteria","o__Propionibacteriales","f__Propionibacteriaceae","g__Cutibacterium",NA
"ec9d0f20c8c61eb5032d07937cf1af3c",-0.626077800244831,-0.27076622493258,0.355311575312252,0.153270761458085,0.145518016714619,0.165558304833252,-4.08478299637106,-1.86070584966527,2.14614166090983,6.08584939148547e-05,0.0640563947884277,0.0329040992592238,0.000212785813256254,0.0958541734963522,0.0821418880787817,TRUE,FALSE,FALSE,TRUE,FALSE,TRUE,TRUE,FALSE,FALSE,"Bacteria; p__Actinomycetota","Bacteria","p__Actinomycetota",NA,NA,NA,NA,NA
"97ca6feb1cc0e6586d810384b3a35471",2.53164768941838,0.0204779086664799,-2.5111697807519,0.155774964484645,0.12285586249648,0.169273231435891,16.2519548490601,0.166682389023695,-14.835008225757,1.19001016767662e-40,0.867759148345443,7.58379991460072e-36,4.16075497475422e-40,1,1.89322199306939e-35,TRUE,FALSE,TRUE,TRUE,TRUE,TRUE,TRUE,FALSE,TRUE,"Bacteria; p__Bacillota; c__Clostridia; o__Peptostreptococcales-Tissierellales","Bacteria","p__Bacillota","c__Clostridia","o__Peptostreptococcales-Tissierellales",NA,NA,NA
"9cd232a91d762e72b8695ef807e4b595",1.61938262938374,-0.433430461415519,-2.05281309079926,0.158821804640951,0.129796124731667,0.177680339333174,10.1962235792792,-3.33931742809402,-11.5534059564686,1.50986885421206e-21,0.000930264972334268,2.24584209733347e-26,3.76924095260133e-21,0.0013920511816225,7.8523687719717e-26,TRUE,TRUE,TRUE,TRUE,TRUE,TRUE,TRUE,TRUE,TRUE,"Bacteria; p__Bacillota; c__Clostridia; o__Peptostreptococcales-Tissierellales; f__Family_XI","Bacteria","p__Bacillota","c__Clostridia","o__Peptostreptococcales-Tissierellales","f__Family_XI",NA,NA
"1369aba02dd8b749b4c4c2a799d34207",-0.543868665679571,0.330439481804813,0.874308147484384,0.1626971671439,0.16809179506186,0.168604328526157,-3.34282812188449,1.96582755085224,5.1855616942168,0.000961895037947167,0.0504714428918966,4.57562427370175e-07,0.00240127754077458,0.0755256123849963,1.59982258778349e-06,TRUE,FALSE,TRUE,TRUE,FALSE,FALSE,TRUE,FALSE,FALSE,"Bacteria; p__Pseudomonadota; c__Alphaproteobacteria; o__Hyphomicrobiales","Bacteria","p__Pseudomonadota","c__Alphaproteobacteria","o__Hyphomicrobiales",NA,NA,NA
"280bf0f725df88036178dcec7d1e676d",1.69921202628047,-0.364655580170412,-2.06386760645089,0.140985343088187,0.124807399561348,0.154103494339648,12.0524019664768,-2.92174647859054,-13.3927372334729,2.49413681203709e-21,0.0042864090989874,3.29458319955708e-24,6.2263703149415e-21,0.00641419491071496,1.15191901797463e-23,TRUE,TRUE,TRUE,TRUE,FALSE,TRUE,TRUE,FALSE,TRUE,"Bacteria; p__Actinomycetota; c__Actinobacteria; o__Mycobacteriales; f__Corynebacteriaceae; g__Corynebacterium","Bacteria","p__Actinomycetota","c__Actinobacteria","o__Mycobacteriales","f__Corynebacteriaceae","g__Corynebacterium",NA
"b7c98a016051abbbc602fa6163280ef8",1.80155392356606,-0.10015055694645,-1.90170448051251,0.147659824772751,0.125967151667203,0.164959836546183,12.2007047369767,-0.79505296119611,-11.5282878567844,7.58726379343466e-28,0.427241990890349,1.65132293367894e-25,2.65281309612176e-27,0.639326144641673,4.12236732364455e-25,TRUE,FALSE,TRUE,TRUE,FALSE,TRUE,TRUE,FALSE,TRUE,"Bacteria; p__Bacillota; c__Clostridia; o__Peptostreptococcales-Tissierellales","Bacteria","p__Bacillota","c__Clostridia","o__Peptostreptococcales-Tissierellales",NA,NA,NA
"96714a6842a401aa4fecabff7a334c5f",-0.511827229713772,-0.3372664981855,0.174560731528272,0.135114127158866,0.130955521183105,0.149669986427169,-3.78811039582835,-2.57542786389225,1.16630418492899,0.000200229067177838,0.0107259395214469,0.244866618346576,0.000700081486679348,0.026776266287353,0.366419112345955,TRUE,TRUE,FALSE,TRUE,TRUE,TRUE,TRUE,TRUE,FALSE,"Bacteria; p__Actinomycetota; c__Actinobacteria; o__Mycobacteriales; f__Corynebacteriaceae; g__Corynebacterium","Bacteria","p__Actinomycetota","c__Actinobacteria","o__Mycobacteriales","f__Corynebacteriaceae","g__Corynebacterium",NA
"e27680d4009f98f30248d823bc17fb8e",-0.658329630002355,-0.46401800150745,0.194311628494906,0.138982046849583,0.13933659325684,0.155179461446934,-4.73679619004926,-3.33019482292152,1.2521736232559,3.27287042365326e-06,0.000969593347450423,0.211423882239886,1.14432735675934e-05,0.00242049562277192,0.316375305797815,TRUE,TRUE,FALSE,TRUE,TRUE,FALSE,TRUE,TRUE,FALSE,"Bacteria; p__Pseudomonadota; c__Gammaproteobacteria; o__Enterobacterales","Bacteria","p__Pseudomonadota","c__Gammaproteobacteria","o__Enterobacterales",NA,NA,NA
"bd2ebc70501f7d867c204f94c4e483da",-0.64045012850783,-0.371684486200902,0.268765642306928,0.139472959374576,0.139274263229782,0.156848108873506,-4.59193044572751,-2.66872340647517,1.71354085323197,6.28698013829784e-06,0.00799605136056734,0.0875666405378312,2.19818154475737e-05,0.01996136562674,0.131034972891143,TRUE,TRUE,FALSE,TRUE,TRUE,FALSE,TRUE,TRUE,FALSE,"Bacteria; p__Bacillota; c__Bacilli; o__Lactobacillales; f__Streptococcaceae; g__Streptococcus","Bacteria","p__Bacillota","c__Bacilli","o__Lactobacillales","f__Streptococcaceae","g__Streptococcus",NA
"cda4e6f933bb3108ea3e92f9db411c00",-0.992286108375067,-0.508312846947999,0.483973261427068,0.142102256887994,0.140633858846618,0.156599652467591,-6.98290182088516,-3.6144414376227,3.09051299795974,1.56125466411683e-11,0.000347206609582512,0.00216555983436644,5.45877530043727e-11,0.000866767579317493,0.00324054996797281,TRUE,TRUE,TRUE,TRUE,TRUE,TRUE,TRUE,TRUE,TRUE,"Bacteria; p__Bacillota; c__Bacilli","Bacteria","p__Bacillota","c__Bacilli",NA,NA,NA,NA
"107aa7e6b56274803bffd1ccff5b2ee6",-0.44737258514592,-0.239299061061422,0.208073524084499,0.138619171649289,0.133719427638705,0.149878670022471,-3.22735001099117,-1.78956091337738,1.38827976024409,0.00148738700849574,0.0752246215634464,0.166786864859888,0.00520050421675487,0.187790961744719,0.249580344538538,TRUE,FALSE,FALSE,TRUE,FALSE,TRUE,TRUE,FALSE,FALSE,"Bacteria; p__Pseudomonadota; c__Gammaproteobacteria; o__Pseudomonadales; f__Moraxellaceae; g__Acinetobacter","Bacteria","p__Pseudomonadota","c__Gammaproteobacteria","o__Pseudomonadales","f__Moraxellaceae","g__Acinetobacter",NA
"4a765a31e0cf23936b0d98af5f0b7b81",0.532713748334274,0.403809848044041,-0.128903900290232,0.142831932806324,0.134039952400755,0.151465890770549,3.72965441178071,3.01260811281642,-0.851042433609724,0.000271319933885961,0.00304108095183061,0.396102313140291,0.000948643797615662,0.00759176323946203,0.592728641245903,TRUE,TRUE,FALSE,TRUE,TRUE,TRUE,TRUE,TRUE,FALSE,"Bacteria; p__Pseudomonadota; c__Gammaproteobacteria; o__Pseudomonadales; f__Moraxellaceae; g__Acinetobacter","Bacteria","p__Pseudomonadota","c__Gammaproteobacteria","o__Pseudomonadales","f__Moraxellaceae","g__Acinetobacter",NA
"f3ae6b459eaf4b550c63e902f3417605",-0.388914509205577,0.0239745560783842,0.412889065283962,0.131581935205597,0.126345858147665,0.147349506404245,-2.95568315360234,0.189753399358484,2.8021068774484,0.00377378300404739,0.849831185284226,0.00594357382936586,0.0131946657551585,1,0.0148375548114385,TRUE,FALSE,TRUE,TRUE,TRUE,FALSE,TRUE,FALSE,FALSE,"Bacteria; p__Actinomycetota; c__Actinobacteria; o__Mycobacteriales; f__Corynebacteriaceae; g__Corynebacterium","Bacteria","p__Actinomycetota","c__Actinobacteria","o__Mycobacteriales","f__Corynebacteriaceae","g__Corynebacterium",NA
"73bf8d1a5983e34a0cb84e3cae127815",-0.582118363254781,0.014308492596826,0.596426855851607,0.130953449454563,0.125195099585956,0.148003363223657,-4.4452312304821,0.114289558011031,4.02981961261453,1.43711277761035e-05,0.909120116861787,7.86500201336671e-05,5.02472525121318e-05,1,0.00019634213659268,TRUE,FALSE,TRUE,TRUE,FALSE,FALSE,TRUE,FALSE,FALSE,"Bacteria; p__Bacillota; c__Bacilli; o__Lactobacillales; f__Streptococcaceae; g__Streptococcus","Bacteria","p__Bacillota","c__Bacilli","o__Lactobacillales","f__Streptococcaceae","g__Streptococcus",NA
"b26df2b91beaae36fae8bf73188664e5",0.866209565980703,-0.0762711205874871,-0.94248068656819,0.134380574250323,0.121815578880829,0.148760456996334,6.44594332784392,-0.626119592323267,-6.33555923125065,6.89206823563033e-09,0.532934215107477,1.11998279327905e-08,2.40974472123478e-08,0.797484293110468,2.7959282681139e-08,TRUE,FALSE,TRUE,TRUE,TRUE,TRUE,TRUE,FALSE,TRUE,"Bacteria; p__Actinomycetota; c__Actinobacteria; o__Mycobacteriales; f__Corynebacteriaceae; g__Corynebacterium","Bacteria","p__Actinomycetota","c__Actinobacteria","o__Mycobacteriales","f__Corynebacteriaceae","g__Corynebacterium",NA
"169fb216a12f673fcdd8cdcb5de35a82",-1.31797934647534,-0.526544264432968,0.791435082042375,0.146653820170088,0.141307839561608,0.150311921824087,-8.98700998682994,-3.7262211782907,5.26528483195503,3.51024740798125e-15,0.000293970426398696,5.97194014650015e-07,1.2273239138697e-14,0.000439898192021071,1.49083685671622e-06,TRUE,TRUE,TRUE,TRUE,TRUE,FALSE,TRUE,TRUE,FALSE,"Bacteria; p__Pseudomonadota; c__Gammaproteobacteria","Bacteria","p__Pseudomonadota","c__Gammaproteobacteria",NA,NA,NA,NA
"85a873c8401956cad358f789ab853cce",2.41249461744126,0.248141730253849,-2.16435288718741,0.131737325980297,0.12121578899819,0.146516400364481,18.3129162482172,2.04710733069233,-14.7720861405499,1.57437031925577e-30,0.0438895301330651,1.06986728480835e-24,5.50463291480793e-30,0.0656764191919248,2.67081976855034e-24,TRUE,FALSE,TRUE,TRUE,TRUE,TRUE,TRUE,FALSE,TRUE,"Bacteria; p__Bacillota; c__Clostridia; o__Peptostreptococcales-Tissierellales","Bacteria","p__Bacillota","c__Clostridia","o__Peptostreptococcales-Tissierellales",NA,NA,NA
"24a60c6448e70d9198ad6ba93520958c",-0.508483022153038,-0.141063137587075,0.367419884565964,0.132183286427469,0.128146789375117,0.148466892141415,-3.84680269265398,-1.10079338136322,2.4747597209484,0.000152958523698187,0.272075813359735,0.0140160307721993,0.000534804622426755,0.407135030063488,0.0349896595536199,TRUE,FALSE,TRUE,TRUE,FALSE,FALSE,TRUE,FALSE,FALSE,"Bacteria; p__Bacillota; c__Bacilli","Bacteria","p__Bacillota","c__Bacilli",NA,NA,NA,NA
"7b922bd11ea3f2de8a1d01bc0314871f",-0.646727612078569,-0.2280013604158,0.418726251662769,0.136200974588834,0.135700385136557,0.151247440844588,-4.74833321884021,-1.68018211728994,2.76848487038551,4.3536731348219e-06,0.0947693995168838,0.00626057830862122,1.52221952771471e-05,0.141813202154761,0.0156289257056947,TRUE,FALSE,TRUE,TRUE,FALSE,FALSE,TRUE,FALSE,FALSE,"Bacteria; p__Pseudomonadota; c__Gammaproteobacteria","Bacteria","p__Pseudomonadota","c__Gammaproteobacteria",NA,NA,NA,NA
"4f9911977358dbaa53414b1a6a5d7edf",2.31405459090221,0.268075995047854,-2.04597859585436,0.138103556690287,0.121691487917872,0.151954519288322,16.7559376916827,2.20291492555975,-13.4644142565597,4.75820711529139e-28,0.0304419487747734,2.27617547271325e-22,1.66366090505872e-27,0.0455534197493013,5.6822510002266e-22,TRUE,TRUE,TRUE,TRUE,FALSE,TRUE,TRUE,FALSE,TRUE,"Bacteria; p__Bacillota","Bacteria","p__Bacillota",NA,NA,NA,NA,NA
"5465b37a3602e0aff4f788d5aefb3521",1.47944868648841,0.0830730979462747,-1.39637558854213,0.134424723717567,0.122158144671792,0.150377200671592,11.0057781453715,0.680045511246682,-9.28581980716391,6.66186220182711e-20,0.497785501436815,8.63350063648109e-16,2.32925541732948e-19,0.744887656826312,2.15526958335175e-15,TRUE,FALSE,TRUE,TRUE,TRUE,TRUE,TRUE,FALSE,TRUE,"Bacteria; p__Bacillota","Bacteria","p__Bacillota",NA,NA,NA,NA,NA
"d0b698c7298bf04110a6d2f220879bfb",-0.464248933818492,-0.4442725946215,0.0199763391969919,0.136849825396595,0.132475238772088,0.148591033441189,-3.39239697583159,-3.35362743060107,0.134438389278034,0.00086293571351883,0.000984545584947062,0.893215898722995,0.00301717091201548,0.00301717091201548,1,TRUE,TRUE,FALSE,TRUE,TRUE,TRUE,TRUE,TRUE,FALSE,"Bacteria; p__Bacteroidota; c__Bacteroidia; o__Bacteroidales; f__Prevotellaceae","Bacteria","p__Bacteroidota","c__Bacteroidia","o__Bacteroidales","f__Prevotellaceae",NA,NA
"e7142feb387f929ee101779e66677cb9",-0.342132198236912,-0.335442302266843,0.00668989597006947,0.129705935882993,0.125043810125445,0.146114465776731,-2.6377528207001,-2.682598218419,0.0457853090349857,0.00898897066964893,0.00790421352350238,0.963526156268329,0.0276363149095119,0.0276363149095119,1,TRUE,TRUE,FALSE,TRUE,TRUE,TRUE,TRUE,TRUE,FALSE,"Bacteria; p__Actinomycetota; c__Actinobacteria","Bacteria","p__Actinomycetota","c__Actinobacteria",NA,NA,NA,NA
"7fae0a4914d95fd2426aa8a2ea9ef487",-1.10963807418698,-0.321279965488963,0.788358108698013,0.131776859825364,0.126566517133086,0.14579621491688,-8.42058367195509,-2.53842779880823,5.40726046384308,6.50987567757061e-14,0.0123336463531965,3.02613620757671e-07,2.27611480525131e-13,0.0184561038954307,7.55445513690012e-07,TRUE,TRUE,TRUE,TRUE,TRUE,FALSE,TRUE,TRUE,FALSE,"Bacteria; p__Pseudomonadota; c__Gammaproteobacteria","Bacteria","p__Pseudomonadota","c__Gammaproteobacteria",NA,NA,NA,NA
"f3a9e69bd296dd5d39ffecc544b36f25",-0.598471867738379,-0.277870466370821,0.320601401367558,0.132166173677787,0.126236074314636,0.145461148743251,-4.52817730198816,-2.20119698651469,2.20403457650016,1.34502091461749e-05,0.029514849902593,0.0293097597503823,4.70273499643237e-05,0.0731689685854867,0.0731689685854867,TRUE,FALSE,FALSE,TRUE,FALSE,TRUE,TRUE,FALSE,FALSE,"Bacteria; p__Thermodesulfobacteriota; c__Desulfuromonadia","Bacteria","p__Thermodesulfobacteriota","c__Desulfuromonadia",NA,NA,NA,NA
"608e6548b1b4cbb6176c8fce090991a5",-0.819892989241955,-0.178640281589034,0.641252707652921,0.130262759399099,0.123914360770941,0.145489208883552,-6.29414725301472,-1.44164308702892,4.40756199427941,2.9507701067154e-09,0.151394776241116,1.92932770220449e-05,1.03170810925445e-08,0.226547578835628,4.81637922780545e-05,TRUE,FALSE,TRUE,TRUE,FALSE,FALSE,TRUE,FALSE,FALSE,"Bacteria; p__Actinomycetota; c__Actinobacteria","Bacteria","p__Actinomycetota","c__Actinobacteria",NA,NA,NA,NA
"61abd8a8fc64fc4ea6aa6bb33c056efd",-0.603230471085122,-0.302947840231635,0.300282630853487,0.136025136984787,0.130771735652093,0.146969355627447,-4.43469850100272,-2.31661557997213,2.04316491401564,1.98532942203347e-05,0.0221391044362941,0.0431213205425389,6.94151150437601e-05,0.0552681240244177,0.0645268681499863,TRUE,FALSE,FALSE,TRUE,FALSE,TRUE,TRUE,FALSE,FALSE,"Bacteria; p__Bacteroidota; c__Bacteroidia; o__Bacteroidales","Bacteria","p__Bacteroidota","c__Bacteroidia","o__Bacteroidales",NA,NA,NA
"cfdd70bdbf090e219bf771ede00b81bb",-0.365777830889208,-0.28476159520795,0.0810162356812574,0.130563787805862,0.123768046190313,0.144247839643602,-2.80152588275923,-2.30076828368191,0.561646093843947,0.0059238984190405,0.0231165567995739,0.575395986869063,0.0207123354795229,0.0577082389169218,0.861024210566656,TRUE,FALSE,FALSE,TRUE,FALSE,TRUE,TRUE,FALSE,FALSE,"Bacteria; p__Pseudomonadota; c__Gammaproteobacteria; o__Enterobacterales","Bacteria","p__Pseudomonadota","c__Gammaproteobacteria","o__Enterobacterales",NA,NA,NA
"d404ad9154b4ca23b32e3504d1b89994",0.468479156749567,-0.000475548886132789,-0.4689547056357,0.133987041391948,0.121427430958687,0.148465157084882,3.49645123799055,-0.00391632172712757,-3.1586852756811,0.000642760327767315,0.996881147864545,0.00196487203442157,0.00224734905967565,1,0.00490511220103802,TRUE,FALSE,TRUE,TRUE,TRUE,TRUE,TRUE,FALSE,TRUE,"Bacteria; p__Actinomycetota; c__Actinobacteria; o__Micrococcales; f__Micrococcaceae","Bacteria","p__Actinomycetota","c__Actinobacteria","o__Micrococcales","f__Micrococcaceae",NA,NA
"8d278be881c77f270f9250ee0f55ff8a",-0.603123147933671,-0.0626428092265087,0.540480338707162,0.135896154985982,0.130913834702961,0.147132271971042,-4.43811782604066,-0.478504119664994,3.67343160998382,1.76970815478141e-05,0.633002358087042,0.000334481041922252,6.18761268506304e-05,0.947226550230969,0.000834999435590083,TRUE,FALSE,TRUE,TRUE,FALSE,FALSE,TRUE,FALSE,FALSE,"Bacteria; p__Bacteroidota; c__Bacteroidia","Bacteria","p__Bacteroidota","c__Bacteroidia",NA,NA,NA,NA
"8114b1d0274e9e4bb6c91f6af1b8fac8",-0.708158327377957,0.115300495627362,0.823458823005319,0.13039068834428,0.123312874086548,0.143790710891415,-5.43104984236415,0.935023990653545,5.72678734182741,3.64336014900122e-07,0.351921352867937,9.82567707973271e-08,9.09529476045627e-07,0.526616125154898,3.43545256169072e-07,TRUE,FALSE,TRUE,TRUE,FALSE,FALSE,TRUE,FALSE,FALSE,"Bacteria; p__Bacillota; c__Bacilli","Bacteria","p__Bacillota","c__Bacilli",NA,NA,NA,NA
"2fa5dbbf2dde49213390762133b12b73",0.615450953905204,1.01553392100727,0.400082967102062,0.132456423913258,0.12636610573074,0.146988188621127,4.64644096316721,8.03644232869817,2.72187153849011,1.19174090095846e-05,4.17315733510383e-12,0.00784065737987467,2.97506541462291e-05,1.45910393155429e-11,0.0117327822662873,TRUE,TRUE,TRUE,TRUE,FALSE,FALSE,TRUE,FALSE,FALSE,"Bacteria; p__Bacillota; c__Bacilli; o__Erysipelotrichales; f__Erysipelotrichaceae; g__Faecalibaculum","Bacteria","p__Bacillota","c__Bacilli","o__Erysipelotrichales","f__Erysipelotrichaceae","g__Faecalibaculum",NA
"a24e0d4286b004ee3345384b6f377f9e",0.350264636561962,-0.0557940177982855,-0.406058654360247,0.131116179758808,0.124385863901124,0.146172673443474,2.67140666549531,-0.448555937535127,-2.77793820687883,0.00960133052140235,0.655291052727096,0.00719877818717235,0.0251698287695378,0.980579417030474,0.0251698287695378,TRUE,FALSE,TRUE,TRUE,TRUE,FALSE,TRUE,FALSE,FALSE,"Bacteria; p__Actinomycetota; c__Actinobacteria","Bacteria","p__Actinomycetota","c__Actinobacteria",NA,NA,NA,NA
"eb76e8c846599a51dfdcf8c8e6f6c313",0.418170943803519,1.56948592002656,1.15131497622304,0.126502904950021,0.122303346622518,0.145816524151667,3.30562325006474,12.8327307744953,7.89564134052143,0.00136724259941984,5.9497845119367e-22,7.10907414734687e-12,0.00204594576028293,2.08028436892175e-21,1.77471131592041e-11,TRUE,TRUE,TRUE,TRUE,TRUE,TRUE,TRUE,TRUE,TRUE,"Bacteria; p__Actinomycetota; c__Actinobacteria; o__Propionibacteriales; f__Propionibacteriaceae; g__Cutibacterium","Bacteria","p__Actinomycetota","c__Actinobacteria","o__Propionibacteriales","f__Propionibacteriaceae","g__Cutibacterium",NA
"77d6a7db6de3bb1f15a02fdb36f90627",0.437184508814314,0.451590880505499,0.014406371691185,0.130947652082994,0.124372077665213,0.14600221501301,3.3386204476368,3.63096676507326,0.0986722817177897,0.00135176959294906,0.000533609982429964,0.921680494788552,0.00337456150182246,0.00186571547813642,1,TRUE,TRUE,FALSE,TRUE,FALSE,TRUE,TRUE,FALSE,FALSE,"Bacteria; p__Pseudomonadota; c__Alphaproteobacteria; o__Hyphomicrobiales","Bacteria","p__Pseudomonadota","c__Alphaproteobacteria","o__Hyphomicrobiales",NA,NA,NA
"10cde2fa4db56b195187e547f870d34b",0.83207831512548,0.8221947778401,-0.00988353728538005,0.130651880272387,0.123794674831255,0.144788134214545,6.36866697510005,6.64160052894714,-0.0682620667708498,2.22655357156721e-08,7.41923998912018e-09,0.945786575325235,5.55837474340879e-08,2.59406520482907e-08,1,TRUE,TRUE,FALSE,TRUE,FALSE,TRUE,TRUE,FALSE,FALSE,"Bacteria; p__Pseudomonadota; c__Gammaproteobacteria","Bacteria","p__Pseudomonadota","c__Gammaproteobacteria",NA,NA,NA,NA
