"taxon","lfc_isolateAxilla","lfc_isolateScalp","lfc_isolateScalp_isolateAxilla","se_isolateAxilla","se_isolateScalp","se_isolateScalp_isolateAxilla","W_isolateAxilla","W_isolateScalp","W_isolateScalp_isolateAxilla","p_isolateAxilla","p_isolateScalp","p_isolateScalp_isolateAxilla","q_isolateAxilla","q_isolateScalp","q_isolateScalp_isolateAxilla","diff_isolateAxilla","diff_isolateScalp","diff_isolateScalp_isolateAxilla","passed_ss_isolateAxilla","passed_ss_isolateScalp","passed_ss_isolateScalp_isolateAxilla","diff_robust_isolateAxilla","diff_robust_isolateScalp","diff_robust_isolateScalp_isolateAxilla","Taxon","Rank1","Rank2","Rank3","Rank4","Rank5","Rank6","Rank7"
"d23fbef2f31d48eda40876cdbc49933a",1.09035067347563,1.70700683266544,0.616656159189807,0.192481339665049,0.154145032164865,0.224521810445372,5.66470846146972,11.0740307922459,2.74653120766566,2.22955242347293e-08,3.42679951547899e-26,0.00619283486663606,5.56586108593601e-08,1.19814716872143e-25,0.00926697591554173,TRUE,TRUE,TRUE,TRUE,TRUE,FALSE,TRUE,TRUE,FALSE,"Bacteria; p__Bacillota; c__Bacilli","Bacteria","p__Bacillota","c__Bacilli",NA,NA,NA,NA
"8253a32e37cc65a796a92ee67b50d870",-1.13553780175042,2.253035249206,3.38857305095642,0.176124582081883,0.221495991283095,0.237848200767547,-6.44735554984874,10.1719007922197,14.246788666138,2.66381826955435e-10,3.10335857748954e-22,5.90790442829366e-39,3.98614532422521e-10,7.74723328337316e-22,2.06564140442498e-38,TRUE,TRUE,TRUE,TRUE,TRUE,TRUE,TRUE,TRUE,TRUE,"Bacteria; p__Actinomycetota; c__Actinobacteria; o__Mycobacteriales; f__Corynebacteriaceae","Bacteria","p__Actinomycetota","c__Actinobacteria","o__Mycobacteriales","f__Corynebacteriaceae",NA,NA
"8bc54d575f88d09b2ba16b7f571812ae",-0.253327885410736,-0.787677420396146,-0.534349534985409,0.161504540382233,0.150791821514965,0.197562151418576,-1.56854961978892,-5.2236083660411,-2.70471611666791,0.117275763615167,2.41752187112133e-07,0.00702872713304206,0.175491790157948,8.45263042708608e-07,0.0175465346414791,FALSE,TRUE,TRUE,TRUE,TRUE,TRUE,FALSE,TRUE,TRUE,"Bacteria; p__Actinomycetota; c__Actinobacteria; o__Mycobacteriales; f__Corynebacteriaceae; g__Corynebacterium","Bacteria","p__Actinomycetota","c__Actinobacteria","o__Mycobacteriales","f__Corynebacteriaceae","g__Corynebacterium",NA
"8c8598245ea67244fb156b6f31192a41",-1.2633948463624,-0.840000560907746,0.423394285454653,0.172973546620722,0.17679781782923,0.183651002377449,-7.30397723261485,-4.7511930363253,2.30542866618539,1.66193100592125e-12,2.8748017257825e-06,0.0216819644684535,5.81078035163834e-12,7.17666330105416e-06,0.0324449540247362,TRUE,TRUE,TRUE,TRUE,TRUE,TRUE,TRUE,TRUE,TRUE,"Bacteria; p__Pseudomonadota; c__Gammaproteobacteria","Bacteria","p__Pseudomonadota","c__Gammaproteobacteria",NA,NA,NA,NA
"a5189f77a2cfeab3bc1602ff5c8ac3e9",-1.49824252569517,-0.89227025511739,0.605972270577785,0.147340881293215,0.149622675015119,0.170220631396291,-10.1685459768196,-5.96346947431081,3.55992258756824,6.20635663337634e-22,5.11566170183379e-09,0.000411852850677471,2.16999231929561e-21,1.27707525937865e-08,0.000616297790941827,TRUE,TRUE,TRUE,TRUE,TRUE,TRUE,TRUE,TRUE,TRUE,"Bacteria; p__Bacillota; c__Bacilli; o__Lactobacillales; f__Streptococcaceae; g__Streptococcus","Bacteria","p__Bacillota","c__Bacilli","o__Lactobacillales","f__Streptococcaceae","g__Streptococcus",NA
"cfeb33d30aa1b73ecca815bc65ff35f0",0.345515377080642,-0.704051558428944,-1.04956693550958,0.163693987674959,0.136556948179122,0.179020082836307,2.1107395695358,-5.1557358876052,-5.86284465340846,0.0353674570696343,3.85019313037313e-07,9.03351754334264e-09,0.0529239645358557,9.61163321035594e-07,3.15848167342771e-08,FALSE,TRUE,TRUE,FALSE,TRUE,FALSE,FALSE,TRUE,FALSE,"Bacteria; p__Actinomycetota; c__Actinobacteria; o__Mycobacteriales; f__Corynebacteriaceae; g__Corynebacterium","Bacteria","p__Actinomycetota","c__Actinobacteria","o__Mycobacteriales","f__Corynebacteriaceae","g__Corynebacterium",NA
"bb03e6ea99adcfcf8083ec2c9af114fb",0.799420825510543,2.83207252599472,2.03265170048418,0.151376907295787,0.15931604526208,0.186363179860925,5.28099589158929,17.7764425506286,10.9069382804106,2.05091862380765e-07,2.57493242181789e-53,1.33685043094601e-24,3.06900053058986e-07,9.00300112952154e-53,3.33731726286521e-24,TRUE,TRUE,TRUE,TRUE,TRUE,TRUE,TRUE,TRUE,TRUE,"Bacteria; p__Actinomycetota; c__Actinobacteria; o__Propionibacteriales; f__Propionibacteriaceae; g__Cutibacterium","Bacteria","p__Actinomycetota","c__Actinobacteria","o__Propionibacteriales","f__Propionibacteriaceae","g__Cutibacterium",NA
"9cd232a91d762e72b8695ef807e4b595",1.61938262938374,-0.433430461415519,-2.05281309079926,0.158821804640951,0.129796124731667,0.177680339333174,10.1962235792792,-3.33931742809402,-11.5534059564686,1.50986885421206e-21,0.000930264972334268,2.24584209733347e-26,3.76924095260133e-21,0.0013920511816225,7.8523687719717e-26,TRUE,TRUE,TRUE,TRUE,TRUE,TRUE,TRUE,TRUE,TRUE,"Bacteria; p__Bacillota; c__Clostridia; o__Peptostreptococcales-Tissierellales; f__Family_XI","Bacteria","p__Bacillota","c__Clostridia","o__Peptostreptococcales-Tissierellales","f__Family_XI",NA,NA
"6ba7d4f61fd8143e8aa856596c09b9dd",0.435512949529726,-0.674987324578673,-1.1105002741084,0.162259428107371,0.142703108814848,0.175972771595688,2.68405327573037,-4.73001135143064,-6.31063694706058,0.00754185800611293,3.00954444312643e-06,6.66133302004419e-10,0.0112856580235359,7.51303540838036e-06,2.32907039405862e-09,TRUE,TRUE,TRUE,FALSE,TRUE,TRUE,FALSE,TRUE,TRUE,"Bacteria","Bacteria",NA,NA,NA,NA,NA,NA
"96714a6842a401aa4fecabff7a334c5f",-0.511827229713772,-0.3372664981855,0.174560731528272,0.135114127158866,0.130955521183105,0.149669986427169,-3.78811039582835,-2.57542786389225,1.16630418492899,0.000200229067177838,0.0107259395214469,0.244866618346576,0.000700081486679348,0.026776266287353,0.366419112345955,TRUE,TRUE,FALSE,TRUE,TRUE,TRUE,TRUE,TRUE,FALSE,"Bacteria; p__Actinomycetota; c__Actinobacteria; o__Mycobacteriales; f__Corynebacteriaceae; g__Corynebacterium","Bacteria","p__Actinomycetota","c__Actinobacteria","o__Mycobacteriales","f__Corynebacteriaceae","g__Corynebacterium",NA
"e6f6be4ccfb278fe562ca7dffb543652",0.03679946926691,0.367643260208958,0.330843790942048,0.137315615278923,0.133203837923087,0.150171467949784,0.267991875448111,2.76000501142645,2.20310685817281,0.789024835369395,0.00640297646740604,0.0289084511404835,1,0.02238738534647,0.0721671406168905,FALSE,TRUE,FALSE,FALSE,TRUE,TRUE,FALSE,TRUE,FALSE,"Bacteria; p__Actinomycetota","Bacteria","p__Actinomycetota",NA,NA,NA,NA,NA
"e27680d4009f98f30248d823bc17fb8e",-0.658329630002355,-0.46401800150745,0.194311628494906,0.138982046849583,0.13933659325684,0.155179461446934,-4.73679619004926,-3.33019482292152,1.2521736232559,3.27287042365326e-06,0.000969593347450423,0.211423882239886,1.14432735675934e-05,0.00242049562277192,0.316375305797815,TRUE,TRUE,FALSE,TRUE,TRUE,FALSE,TRUE,TRUE,FALSE,"Bacteria; p__Pseudomonadota; c__Gammaproteobacteria; o__Enterobacterales","Bacteria","p__Pseudomonadota","c__Gammaproteobacteria","o__Enterobacterales",NA,NA,NA
"bd2ebc70501f7d867c204f94c4e483da",-0.64045012850783,-0.371684486200902,0.268765642306928,0.139472959374576,0.139274263229782,0.156848108873506,-4.59193044572751,-2.66872340647517,1.71354085323197,6.28698013829784e-06,0.00799605136056734,0.0875666405378312,2.19818154475737e-05,0.01996136562674,0.131034972891143,TRUE,TRUE,FALSE,TRUE,TRUE,FALSE,TRUE,TRUE,FALSE,"Bacteria; p__Bacillota; c__Bacilli; o__Lactobacillales; f__Streptococcaceae; g__Streptococcus","Bacteria","p__Bacillota","c__Bacilli","o__Lactobacillales","f__Streptococcaceae","g__Streptococcus",NA
"13e4c531c80da6a7a3aed1a29d999eea",0,2.08782685376494,2.08782685376494,0.126305873300009,0.126725042463322,0.148586068749187,0,16.4752507727052,14.0512961365792,1,2.66617242801496e-26,1.88691468103429e-22,1,9.32201294975015e-26,4.7104992397043e-22,FALSE,TRUE,TRUE,FALSE,TRUE,TRUE,FALSE,TRUE,TRUE,"Bacteria; p__Bacillota; c__Bacilli","Bacteria","p__Bacillota","c__Bacilli",NA,NA,NA,NA
"677929eac52be081cdae08a0b9c70eb2",-0.00303893888074761,-0.386597381709536,-0.383558442828789,0.145857104880175,0.134930798385868,0.16250410751542,-0.0208350418256565,-2.86515299942098,-2.36029998683199,0.983395466392048,0.00455750984272556,0.0191035662754275,1,0.0159348905292419,0.0476901978242686,FALSE,TRUE,TRUE,FALSE,TRUE,FALSE,FALSE,TRUE,FALSE,"Bacteria; p__Pseudomonadota; c__Gammaproteobacteria; o__Enterobacterales","Bacteria","p__Pseudomonadota","c__Gammaproteobacteria","o__Enterobacterales",NA,NA,NA
"cda4e6f933bb3108ea3e92f9db411c00",-0.992286108375067,-0.508312846947999,0.483973261427068,0.142102256887994,0.140633858846618,0.156599652467591,-6.98290182088516,-3.6144414376227,3.09051299795974,1.56125466411683e-11,0.000347206609582512,0.00216555983436644,5.45877530043727e-11,0.000866767579317493,0.00324054996797281,TRUE,TRUE,TRUE,TRUE,TRUE,TRUE,TRUE,TRUE,TRUE,"Bacteria; p__Bacillota; c__Bacilli","Bacteria","p__Bacillota","c__Bacilli",NA,NA,NA,NA
"a5d1217aa1cbc154c499796f9040d954",0.191356732065524,0.854832537019229,0.663475804953706,0.134031440467825,0.128196192479475,0.146403809977891,1.42770033208335,6.66815855046624,4.53182062033699,0.156524997802961,1.49074201192064e-09,1.63786580519629e-05,0.234224457144,5.21223466038439e-09,4.08877290937491e-05,FALSE,TRUE,TRUE,FALSE,TRUE,FALSE,FALSE,TRUE,FALSE,"Bacteria; p__Bacillota; c__Bacilli","Bacteria","p__Bacillota","c__Bacilli",NA,NA,NA,NA
"4a765a31e0cf23936b0d98af5f0b7b81",0.532713748334274,0.403809848044041,-0.128903900290232,0.142831932806324,0.134039952400755,0.151465890770549,3.72965441178071,3.01260811281642,-0.851042433609724,0.000271319933885961,0.00304108095183061,0.396102313140291,0.000948643797615662,0.00759176323946203,0.592728641245903,TRUE,TRUE,FALSE,TRUE,TRUE,TRUE,TRUE,TRUE,FALSE,"Bacteria; p__Pseudomonadota; c__Gammaproteobacteria; o__Pseudomonadales; f__Moraxellaceae; g__Acinetobacter","Bacteria","p__Pseudomonadota","c__Gammaproteobacteria","o__Pseudomonadales","f__Moraxellaceae","g__Acinetobacter",NA
"169fb216a12f673fcdd8cdcb5de35a82",-1.31797934647534,-0.526544264432968,0.791435082042375,0.146653820170088,0.141307839561608,0.150311921824087,-8.98700998682994,-3.7262211782907,5.26528483195503,3.51024740798125e-15,0.000293970426398696,5.97194014650015e-07,1.2273239138697e-14,0.000439898192021071,1.49083685671622e-06,TRUE,TRUE,TRUE,TRUE,TRUE,FALSE,TRUE,TRUE,FALSE,"Bacteria; p__Pseudomonadota; c__Gammaproteobacteria","Bacteria","p__Pseudomonadota","c__Gammaproteobacteria",NA,NA,NA,NA
"1189d4ef3af60ba943cc73161a4097a9",-0.0271614666961632,-0.433689128612382,-0.406527661916219,0.130334310587904,0.124127753405953,0.14524716815679,-0.208398437630467,-3.49389332129477,-2.79886807484869,0.8352005849505,0.000625952366819351,0.00580242538998697,1,0.00218858165664896,0.0144851914411905,FALSE,TRUE,TRUE,FALSE,TRUE,FALSE,FALSE,TRUE,FALSE,"Bacteria; p__Actinomycetota; c__Actinobacteria; o__Mycobacteriales; f__Corynebacteriaceae; g__Corynebacterium","Bacteria","p__Actinomycetota","c__Actinobacteria","o__Mycobacteriales","f__Corynebacteriaceae","g__Corynebacterium",NA
"d0b698c7298bf04110a6d2f220879bfb",-0.464248933818492,-0.4442725946215,0.0199763391969919,0.136849825396595,0.132475238772088,0.148591033441189,-3.39239697583159,-3.35362743060107,0.134438389278034,0.00086293571351883,0.000984545584947062,0.893215898722995,0.00301717091201548,0.00301717091201548,1,TRUE,TRUE,FALSE,TRUE,TRUE,TRUE,TRUE,TRUE,FALSE,"Bacteria; p__Bacteroidota; c__Bacteroidia; o__Bacteroidales; f__Prevotellaceae","Bacteria","p__Bacteroidota","c__Bacteroidia","o__Bacteroidales","f__Prevotellaceae",NA,NA
"e7142feb387f929ee101779e66677cb9",-0.342132198236912,-0.335442302266843,0.00668989597006947,0.129705935882993,0.125043810125445,0.146114465776731,-2.6377528207001,-2.682598218419,0.0457853090349857,0.00898897066964893,0.00790421352350238,0.963526156268329,0.0276363149095119,0.0276363149095119,1,TRUE,TRUE,FALSE,TRUE,TRUE,TRUE,TRUE,TRUE,FALSE,"Bacteria; p__Actinomycetota; c__Actinobacteria","Bacteria","p__Actinomycetota","c__Actinobacteria",NA,NA,NA,NA
"7fae0a4914d95fd2426aa8a2ea9ef487",-1.10963807418698,-0.321279965488963,0.788358108698013,0.131776859825364,0.126566517133086,0.14579621491688,-8.42058367195509,-2.53842779880823,5.40726046384308,6.50987567757061e-14,0.0123336463531965,3.02613620757671e-07,2.27611480525131e-13,0.0184561038954307,7.55445513690012e-07,TRUE,TRUE,TRUE,TRUE,TRUE,FALSE,TRUE,TRUE,FALSE,"Bacteria; p__Pseudomonadota; c__Gammaproteobacteria","Bacteria","p__Pseudomonadota","c__Gammaproteobacteria",NA,NA,NA,NA
"976c548e0e13c21227362762bc67886d",0,1.91852949923459,1.91852949923459,0.126230591840626,0.124980047544162,0.147255957336497,0,15.350686264995,13.0285357138423,1,7.51876194943497e-25,5.99986981902213e-21,1,2.62886209167295e-24,1.49780922820193e-20,FALSE,TRUE,TRUE,FALSE,TRUE,TRUE,FALSE,TRUE,TRUE,"Bacteria; p__Actinomycetota; c__Actinobacteria; o__Propionibacteriales; f__Propionibacteriaceae; g__Cutibacterium","Bacteria","p__Actinomycetota","c__Actinobacteria","o__Propionibacteriales","f__Propionibacteriaceae","g__Cutibacterium",NA
"eb76e8c846599a51dfdcf8c8e6f6c313",0.418170943803519,1.56948592002656,1.15131497622304,0.126502904950021,0.122303346622518,0.145816524151667,3.30562325006474,12.8327307744953,7.89564134052143,0.00136724259941984,5.9497845119367e-22,7.10907414734687e-12,0.00204594576028293,2.08028436892175e-21,1.77471131592041e-11,TRUE,TRUE,TRUE,TRUE,TRUE,TRUE,TRUE,TRUE,TRUE,"Bacteria; p__Actinomycetota; c__Actinobacteria; o__Propionibacteriales; f__Propionibacteriaceae; g__Cutibacterium","Bacteria","p__Actinomycetota","c__Actinobacteria","o__Propionibacteriales","f__Propionibacteriaceae","g__Cutibacterium",NA
